{"max": [0.006221, 0.994111, 0.25698], "centroid": [-0.3248243997785168, 0.36619239756367533, -0.04262353599114051], "id": "bdc892547cceb2ef34dedfee80b7006", "numVertices": 2709, "min": [-0.689646, 0.006863, -0.383723]}
