{"max": [0.600863, 0.807996, 0.0], "centroid": [0.3010301122244487, 0.3297953807615228, -0.29844012424849703], "id": "b4371c352f96c4d5a6fee8e2140acec9", "numVertices": 499, "min": [0.0, 0.0, -0.627881]}
