{"max": [0.18415, 0.392906, 0.118563], "centroid": [-4.336808689942018e-18, 0.2613315408750007, -0.008437255357142872], "id": "85d8a1ad55fa646878725384d6baf445", "numVertices": 672, "min": [-0.18415, 0.0, -0.135437]}
