{"max": [-0.704111, 0.827087, -0.23708], "centroid": [-1.201524556756756, 0.4722941243243246, -0.7344931891891887], "id": "142060f848466cad97ef9a13efb5e3f7", "numVertices": 185, "min": [-1.69894, 0.0, -1.23191]}
