{"max": [0.162005, 1.61319, -2.07323], "centroid": [-0.46061848394965776, 0.7330415389993824, -2.557694164077067], "id": "235c8ef29ef5fc5bafd49046c1129780", "numVertices": 3218, "min": [-1.08767, 0.0, -3.26195]}
