scanId,objectCategory,alignedModelId,tx,ty,tz,qw,qx,qy,qz,sx,sy,sz
scene0470_00,03001627,b4371c352f96c4d5a6fee8e2140acec9,0.9620752826836435,2.1923760831068737,0.4526419519846294,-0.08205202459743784,-0.07730528784820297,0.7046859178397384,0.7005063275435371,1.1706329454156421,1.2944263960156086,1.0402704455601552
